order_id,customer_id,product_id,quantity,order_date,delivery_address,delivery_date
1,121,1,6,2023-08-25,"91 Division Center, Suite 35",2023-08-28
2,195,2,3,2025-04-24,"00920 Nancy Pass, Apt 1591",2025-04-27
3,130,3,9,2023-12-23,"04 Lukken Circle, Suite 31",2023-12-26
4,73,4,8,2024-08-03,"4 Kingsford Lane, 20th Floor",2024-08-06
5,136,5,8,2025-06-15,"3948 Brickson Park Terrace, Room 1017",2025-06-18
6,122,6,9,2023-04-04,"732 Weeping Birch Street, Room 1826",2023-04-07
7,148,7,9,2022-08-01,"04634 Surrey Terrace, Suite 14",2022-08-04
8,81,8,3,2023-03-28,"45430 Nobel Road, PO Box 27395",2023-03-31
9,126,9,6,2024-06-08,"686 Stephen Point, PO Box 49118",2024-06-11
10,43,10,2,2023-08-09,"05 Spenser Drive, Apt 834",2023-08-12
11,90,11,3,2022-11-01,"878 Vahlen Crossing, Apt 743",2022-11-04
12,47,12,7,2022-09-03,"535 Fremont Pass, Room 1631",2022-09-06
13,133,13,4,2025-06-23,"8593 Crownhardt Center, Room 1003",2025-06-26
14,166,14,5,2023-08-04,"4557 Manitowish Center, Apt 1989",2023-08-07
15,71,15,7,2022-09-27,"679 East Plaza, PO Box 19749",2022-09-30
16,162,16,10,2024-08-24,"9066 West Road, PO Box 66620",2024-08-27
17,127,17,7,2024-08-27,"3296 Porter Park, Apt 1890",2024-08-30
18,1,18,6,2024-12-14,"5 Oakridge Alley, Suite 88",2024-12-17
19,174,19,3,2025-04-04,"39 Dorton Crossing, Apt 258",2025-04-07
20,185,20,7,2024-03-29,"55 Hanover Point, Apt 1415",2024-04-01
21,108,21,2,2025-08-26,"617 Forest Plaza, Apt 615",2025-08-29
22,16,22,6,2023-04-28,"0317 Jenna Center, Room 1234",2023-05-01
23,45,23,10,2022-11-05,"2 Tony Circle, Room 1865",2022-11-08
24,45,24,9,2024-08-30,"2652 Pleasure Terrace, Apt 1362",2024-09-02
25,13,25,4,2025-07-26,"1975 Utah Junction, 13th Floor",2025-07-29
26,150,26,8,2025-01-04,"8 Harper Avenue, 9th Floor",2025-01-07
27,184,27,4,2025-05-26,"92900 Kensington Trail, PO Box 2643",2025-05-29
28,40,28,8,2024-11-01,"13935 Marquette Hill, Apt 1746",2024-11-04
29,97,29,1,2024-09-16,"69 Crest Line Point, Suite 40",2024-09-19
30,36,30,8,2025-01-09,"40 Golf Road, 8th Floor",2025-01-12
31,68,31,4,2024-07-26,"8 Kinsman Pass, 4th Floor",2024-07-29
32,19,32,1,2024-10-29,"50742 Swallow Street, 9th Floor",2024-11-01
33,24,33,4,2025-06-02,"364 Kedzie Drive, 10th Floor",2025-06-05
34,88,34,4,2023-04-01,"80 2nd Point, Apt 534",2023-04-04
35,15,35,7,2025-04-04,"5296 Bashford Place, 12th Floor",2025-04-07
36,109,36,2,2025-01-23,"847 Arrowood Terrace, 19th Floor",2025-01-26
37,102,37,6,2023-05-21,"46 Ohio Drive, PO Box 3997",2023-05-24
38,193,38,7,2022-08-06,"3605 Dakota Court, 10th Floor",2022-08-09
39,122,39,5,2023-04-30,"4 Onsgard Road, Apt 475",2023-05-03
40,90,40,7,2024-12-11,"88 Independence Hill, 10th Floor",2024-12-14
41,179,41,1,2023-05-21,"3 Straubel Plaza, 16th Floor",2023-05-24
42,93,42,3,2024-04-12,"48218 Morrow Pass, Room 604",2024-04-15
43,167,43,7,2025-03-27,"67 Forest Circle, PO Box 71211",2025-03-30
44,32,44,2,2024-08-31,"7 Hallows Terrace, 8th Floor",2024-09-03
45,60,45,2,2022-10-02,"8 Buhler Way, Room 541",2022-10-05
46,20,46,2,2023-07-30,"55390 Express Way, PO Box 73292",2023-08-02
47,27,47,3,2024-11-06,"06 Little Fleur Street, Suite 80",2024-11-09
48,171,48,9,2023-11-09,"8123 Vermont Parkway, Room 1428",2023-11-12
49,98,49,4,2023-09-10,"78 Nevada Plaza, 11th Floor",2023-09-13
50,72,50,3,2025-01-27,"05812 Westport Pass, Apt 215",2025-01-30
51,185,51,3,2025-07-03,"13069 Hollow Ridge Parkway, Suite 27",2025-07-06
52,187,52,2,2023-05-05,"93823 Onsgard Crossing, PO Box 30104",2023-05-08
53,15,53,6,2024-04-26,"7214 Vidon Lane, PO Box 98684",2024-04-29
54,124,54,6,2023-12-21,"1018 Macpherson Point, Suite 48",2023-12-24
55,92,55,3,2023-09-15,"05 Forest Dale Way, 16th Floor",2023-09-18
56,11,56,6,2025-08-16,"0 Cordelia Junction, PO Box 81873",2025-08-19
57,81,57,1,2023-08-07,"76885 Kingsford Parkway, 18th Floor",2023-08-10
58,1,58,1,2025-06-12,"535 Schlimgen Alley, Apt 1541",2025-06-15
59,157,59,8,2025-08-12,"0145 Esker Avenue, Room 793",2025-08-15
60,154,60,10,2023-09-22,"3 Luster Lane, Suite 46",2023-09-25
61,49,61,9,2024-08-14,"48763 Blue Bill Park Street, PO Box 85572",2024-08-17
62,152,62,9,2025-02-08,"3513 Mcguire Street, 14th Floor",2025-02-11
63,40,63,5,2022-11-23,"0248 Cordelia Center, Room 970",2022-11-26
64,64,64,7,2023-03-12,"212 Namekagon Street, PO Box 56751",2023-03-15
65,153,65,8,2022-11-24,"7522 Claremont Alley, Apt 104",2022-11-27
66,153,66,1,2022-12-08,"9985 Northfield Point, Room 1809",2022-12-11
67,171,67,2,2025-01-07,"27 Vahlen Avenue, Room 1095",2025-01-10
68,50,68,10,2023-01-21,"9 Utah Park, PO Box 35397",2023-01-24
69,36,69,2,2023-07-19,"4 Chinook Road, Apt 1500",2023-07-22
70,42,70,2,2024-11-24,"36789 Forest Run Plaza, 19th Floor",2024-11-27
71,113,71,9,2024-08-08,"33 Duke Circle, Suite 43",2024-08-11
72,53,72,4,2024-09-23,"5 Mayer Street, 14th Floor",2024-09-26
73,134,73,5,2024-09-08,"85 Walton Trail, PO Box 87156",2024-09-11
74,32,74,8,2022-10-17,"4 Johnson Place, PO Box 54611",2022-10-20
75,152,75,2,2023-01-13,"88 Burning Wood Alley, Suite 14",2023-01-16
76,175,76,8,2022-10-10,"20 Eastlawn Hill, Apt 186",2022-10-13
77,126,77,7,2023-09-28,"7092 Onsgard Pass, PO Box 67764",2023-10-01
78,188,78,1,2023-04-26,"98741 Rowland Street, Suite 59",2023-04-29
79,168,79,3,2023-09-03,"45444 Prairie Rose Center, PO Box 67174",2023-09-06
80,129,80,7,2025-04-21,"816 Dakota Plaza, 11th Floor",2025-04-24
81,123,81,10,2024-01-20,"84623 Helena Drive, Apt 19",2024-01-23
82,88,82,4,2025-08-02,"5 Oak Place, 15th Floor",2025-08-05
83,52,83,10,2024-02-24,"32 Carey Crossing, 15th Floor",2024-02-27
84,146,84,5,2023-03-17,"59 Sunfield Center, PO Box 71663",2023-03-20
85,94,85,3,2023-02-26,"33813 Pepper Wood Crossing, Suite 56",2023-03-01
86,16,86,2,2022-10-21,"626 Barnett Alley, Apt 91",2022-10-24
87,100,71,10,2022-08-28,"88 Novick Point, 8th Floor",2022-08-31
88,180,87,1,2023-03-21,"786 Brentwood Way, Suite 85",2023-03-24
89,109,88,4,2024-02-28,"523 Mcbride Crossing, Suite 58",2024-03-02
90,106,89,6,2025-07-18,"1 Commercial Trail, Suite 59",2025-07-21
91,114,90,1,2023-02-04,"6889 Division Avenue, Suite 21",2023-02-07
92,179,91,6,2024-06-05,"3 Heffernan Street, PO Box 64023",2024-06-08
93,185,92,3,2022-12-06,"22 Macpherson Avenue, Room 1655",2022-12-09
94,150,93,1,2024-05-15,"84408 Packers Crossing, Room 1218",2024-05-18
95,163,94,6,2025-01-30,"268 Green Ridge Place, Apt 265",2025-02-02
96,4,95,10,2024-05-15,"3 Rusk Street, Room 1645",2024-05-18
97,187,96,3,2024-09-01,"160 Monterey Point, Room 1315",2024-09-04
98,195,97,5,2022-12-02,"45602 Red Cloud Way, Apt 720",2022-12-05
99,80,19,6,2023-01-27,"7455 Morningstar Crossing, Suite 67",2023-01-30
100,183,98,2,2022-12-12,"2 Crowley Court, 11th Floor",2022-12-15
101,176,99,4,2025-02-27,"1584 Old Shore Parkway, 4th Floor",2025-03-02
102,54,100,7,2022-09-21,"4 Anniversary Junction, Apt 15",2022-09-24
103,66,101,10,2024-07-02,"69574 Chinook Lane, PO Box 96251",2024-07-05
104,23,102,2,2025-03-14,"96938 East Trail, Apt 1209",2025-03-17
105,168,103,9,2025-02-02,"06938 Transport Park, Apt 72",2025-02-05
106,46,104,1,2024-08-10,"1687 Del Mar Point, PO Box 53300",2024-08-13
107,77,105,4,2023-03-19,"531 Gateway Place, Suite 59",2023-03-22
108,155,106,3,2024-01-27,"283 Autumn Leaf Alley, PO Box 91986",2024-01-30
109,44,107,2,2024-11-19,"46 Sundown Court, Apt 1892",2024-11-22
110,135,108,2,2024-05-10,"4 Burning Wood Pass, Room 1019",2024-05-13
111,153,109,5,2024-05-18,"297 Hintze Pass, 1st Floor",2024-05-21
112,94,110,1,2025-02-23,"13737 Jenna Pass, 12th Floor",2025-02-26
113,107,111,7,2022-09-24,"25423 Lyons Hill, Room 1532",2022-09-27
114,143,112,6,2025-06-07,"6 Parkside Court, Apt 1148",2025-06-10
115,133,113,2,2022-11-05,"4605 Summerview Crossing, Suite 1",2022-11-08
116,186,86,1,2022-12-03,"54950 Sundown Way, Room 1086",2022-12-06
117,125,114,6,2023-04-28,"461 Coleman Road, PO Box 96791",2023-05-01
118,122,115,2,2025-08-06,"15993 Ronald Regan Lane, Suite 23",2025-08-09
119,152,116,10,2024-07-14,"54 Golden Leaf Terrace, 7th Floor",2024-07-17
120,7,117,4,2024-12-26,"060 Armistice Parkway, 20th Floor",2024-12-29
121,197,118,6,2024-03-14,"3020 Susan Circle, Suite 13",2024-03-17
122,87,119,7,2023-04-16,"3916 Bunting Parkway, Apt 1769",2023-04-19
123,92,120,7,2023-05-15,"50 Iowa Court, Room 920",2023-05-18
124,148,121,1,2025-02-04,"53 Brickson Park Point, 9th Floor",2025-02-07
125,173,122,1,2025-05-16,"17 Heffernan Circle, 1st Floor",2025-05-19
126,45,123,6,2025-02-22,"7 Paget Point, 5th Floor",2025-02-25
127,89,124,3,2022-12-19,"8545 Grasskamp Street, Suite 86",2022-12-22
128,61,125,6,2024-07-17,"666 Nancy Drive, PO Box 47613",2024-07-20
129,78,126,2,2025-06-17,"627 Moland Point, Suite 50",2025-06-20
130,85,127,7,2023-01-18,"75 Cherokee Plaza, PO Box 97051",2023-01-21
131,87,128,5,2023-11-11,"65 Dawn Hill, Apt 543",2023-11-14
132,25,129,1,2023-10-11,"24 Carey Road, Room 1214",2023-10-14
133,35,130,3,2025-01-29,"21 Bowman Avenue, 4th Floor",2025-02-01
134,103,131,6,2022-12-06,"41335 Eliot Place, Apt 1545",2022-12-09
135,48,132,3,2024-12-21,"5374 Annamark Crossing, 1st Floor",2024-12-24
136,2,133,10,2024-10-19,"4 Continental Trail, PO Box 15552",2024-10-22
137,3,134,7,2025-05-25,"05 Moulton Junction, 1st Floor",2025-05-28
138,127,135,7,2024-03-18,"456 Waubesa Parkway, 5th Floor",2024-03-21
139,77,57,8,2023-04-29,"2077 Forster Plaza, Suite 90",2023-05-02
140,52,136,6,2025-08-17,"40 Hanson Drive, Apt 797",2025-08-20
141,13,137,5,2022-12-23,"6500 Steensland Drive, PO Box 57190",2022-12-26
142,126,138,4,2025-03-29,"43 Lotheville Drive, Room 1914",2025-04-01
143,106,139,5,2022-12-22,"5 Basil Court, PO Box 52413",2022-12-25
144,148,140,6,2025-09-05,"5 Westerfield Hill, Suite 6",2025-09-08
145,116,141,5,2023-06-12,"39492 Lindbergh Plaza, Suite 52",2023-06-15
146,140,142,10,2025-04-19,"1 Anderson Alley, Suite 61",2025-04-22
147,21,143,2,2024-08-28,"0705 Green Avenue, Apt 500",2024-08-31
148,84,144,1,2025-02-25,"02505 Russell Point, Suite 27",2025-02-28
149,19,145,8,2025-08-10,"8180 Continental Lane, Suite 72",2025-08-13
150,193,146,1,2022-10-12,"9 Lunder Trail, PO Box 51474",2022-10-15
151,139,147,2,2023-12-19,"35 Rieder Street, Apt 1493",2023-12-22
152,6,148,10,2023-02-20,"8 Jenifer Drive, PO Box 75332",2023-02-23
153,79,149,2,2025-07-08,"7 Johnson Pass, 19th Floor",2025-07-11
154,103,150,9,2024-04-12,"053 Weeping Birch Avenue, Suite 78",2024-04-15
155,90,151,3,2024-08-14,"7 Arkansas Plaza, Suite 68",2024-08-17
156,181,152,6,2024-10-01,"32 Fair Oaks Court, PO Box 61974",2024-10-04
157,164,153,1,2023-03-16,"35253 Bartillon Drive, 9th Floor",2023-03-19
158,60,154,3,2023-05-10,"48 Sommers Drive, 14th Floor",2023-05-13
159,95,155,3,2023-09-02,"4073 Ludington Circle, 14th Floor",2023-09-05
160,71,156,4,2023-07-22,"976 Forest Street, PO Box 58949",2023-07-25
161,44,157,3,2025-08-03,"5301 Kipling Plaza, PO Box 73126",2025-08-06
162,127,158,4,2023-11-23,"230 Forest Trail, 1st Floor",2023-11-26
163,59,159,9,2023-03-27,"0 Crownhardt Road, PO Box 66940",2023-03-30
164,111,160,6,2024-02-04,"9124 Almo Center, Room 1648",2024-02-07
165,187,161,9,2024-03-08,"2826 Dunning Point, 20th Floor",2024-03-11
166,146,162,5,2022-12-15,"34060 Heath Street, PO Box 13165",2022-12-18
167,120,163,5,2023-11-09,"866 Fallview Terrace, Suite 93",2023-11-12
168,135,164,2,2023-01-20,"35539 Tony Way, 3rd Floor",2023-01-23
169,180,165,6,2024-04-25,"0 Corry Center, Suite 57",2024-04-28
170,62,166,8,2023-02-18,"58 Erie Junction, Room 421",2023-02-21
171,135,84,3,2024-05-29,"909 South Hill, Room 256",2024-06-01
172,118,167,10,2022-09-04,"1231 Tennessee Plaza, Suite 47",2022-09-07
173,195,168,8,2023-02-13,"3297 Merchant Lane, Suite 37",2023-02-16
174,44,169,4,2025-06-14,"9 Havey Terrace, Suite 92",2025-06-17
175,147,170,2,2025-03-06,"430 Jana Crossing, PO Box 70237",2025-03-09
176,115,157,3,2025-09-03,"07 Milwaukee Alley, Room 168",2025-09-06
177,117,171,5,2025-05-29,"427 Miller Parkway, Apt 493",2025-06-01
178,123,172,5,2025-03-01,"0710 Express Center, Room 1950",2025-03-04
179,60,173,4,2024-08-05,"87337 Dorton Center, Apt 416",2024-08-08
180,52,174,5,2022-11-26,"0 Hollow Ridge Trail, Apt 1932",2022-11-29
181,7,175,1,2024-07-03,"24 Buena Vista Junction, Apt 705",2024-07-06
182,7,176,5,2025-06-01,"664 Dapin Hill, Apt 1332",2025-06-04
183,71,177,8,2024-05-07,"5 Declaration Crossing, Suite 5",2024-05-10
184,191,178,5,2024-01-16,"7 Graceland Way, Suite 63",2024-01-19
185,23,179,1,2022-09-15,"1154 Kings Street, PO Box 836",2022-09-18
186,118,180,2,2023-07-11,"539 Helena Pass, Room 1508",2023-07-14
187,154,181,2,2023-04-14,"9 Moland Terrace, Apt 87",2023-04-17
188,10,182,3,2023-02-03,"86 Rutledge Circle, Suite 87",2023-02-06
189,151,183,8,2024-01-10,"50518 Truax Court, PO Box 70962",2024-01-13
190,182,184,1,2023-01-26,"13396 Fuller Pass, Apt 1354",2023-01-29
191,2,79,6,2024-01-17,"388 Blaine Crossing, PO Box 23277",2024-01-20
192,165,185,5,2024-01-17,"75 Annamark Park, Suite 50",2024-01-20
193,44,186,2,2023-04-03,"751 Killdeer Place, Room 296",2023-04-06
194,72,187,5,2024-04-22,"92 Eliot Plaza, Apt 325",2024-04-25
195,51,188,5,2023-05-06,"1 Carberry Terrace, PO Box 77335",2023-05-09
196,88,189,6,2024-03-02,"7 Daystar Way, Room 892",2024-03-05
197,177,190,5,2022-10-10,"63 Towne Way, Suite 2",2022-10-13
198,44,191,10,2025-09-05,"5 Westerfield Hill, Apt 676",2025-09-08
199,39,192,8,2023-06-17,"9 Manley Parkway, Apt 189",2023-06-20
200,130,193,6,2024-04-02,"98701 Southridge Way, Apt 648",2024-04-05
201,198,194,5,2023-07-18,"16 Northview Place, Suite 7",2023-07-21
202,182,195,6,2024-09-24,"9 Arkansas Trail, 7th Floor",2024-09-27
203,65,196,7,2024-04-30,"0 Lyons Street, Suite 67",2024-05-03
204,94,197,6,2022-08-23,"6187 Russell Park, Suite 72",2022-08-26
205,127,198,7,2024-06-19,"59 Northfield Terrace, Room 1077",2024-06-22
206,127,199,2,2024-04-17,"8 Farragut Parkway, Apt 404",2024-04-20
207,142,200,8,2022-09-08,"04 Stoughton Avenue, 14th Floor",2022-09-11
208,37,201,7,2023-12-05,"9 Bultman Plaza, Suite 27",2023-12-08
209,58,202,5,2025-05-08,"36165 7th Point, Suite 48",2025-05-11
210,72,203,8,2023-04-06,"3668 Moose Lane, Apt 1060",2023-04-09
211,119,204,5,2022-11-12,"919 Karstens Terrace, 9th Floor",2022-11-15
212,49,205,2,2022-12-17,"20303 Northridge Lane, Apt 1270",2022-12-20
213,87,206,3,2023-09-02,"24 Grover Pass, PO Box 27396",2023-09-05
214,12,207,2,2024-11-23,"7551 Hanson Hill, Suite 51",2024-11-26
215,197,208,5,2022-09-13,"15467 Dexter Lane, 9th Floor",2022-09-16
216,43,209,2,2023-10-26,"61 Fisk Junction, Suite 41",2023-10-29
217,191,61,3,2023-08-02,"5 Golden Leaf Plaza, Room 153",2023-08-05
218,163,210,1,2022-10-18,"6 Talmadge Circle, 11th Floor",2022-10-21
219,125,211,6,2022-09-11,"67 Summerview Road, Room 380",2022-09-14
220,65,212,3,2024-07-29,"4 Roxbury Junction, Room 1105",2024-08-01
221,114,213,6,2024-01-11,"83281 Barby Center, Suite 92",2024-01-14
222,93,214,4,2025-06-10,"95279 Anhalt Crossing, Apt 1469",2025-06-13
223,34,215,3,2022-12-29,"298 Trailsway Street, Suite 41",2023-01-01
224,200,21,6,2023-12-17,"5 Hoepker Lane, PO Box 19835",2023-12-20
225,83,216,8,2023-09-25,"501 Anniversary Park, Suite 27",2023-09-28
226,85,217,6,2022-10-11,"1 Beilfuss Pass, 16th Floor",2022-10-14
227,144,218,1,2025-04-21,"33 Buell Trail, Suite 28",2025-04-24
228,4,219,5,2024-03-14,"1326 Manley Drive, PO Box 84992",2024-03-17
229,129,220,1,2024-01-27,"106 Moulton Way, Suite 90",2024-01-30
230,172,221,2,2023-08-24,"8 Cordelia Place, Suite 50",2023-08-27
231,170,222,3,2022-11-27,"453 Kenwood Park, Apt 50",2022-11-30
232,47,223,2,2024-12-09,"01421 Bay Junction, Apt 1774",2024-12-12
233,66,224,2,2025-02-21,"7578 Springview Trail, Suite 86",2025-02-24
234,163,225,9,2023-04-11,"3 Oriole Crossing, PO Box 38304",2023-04-14
235,162,226,8,2023-11-03,"3030 Myrtle Way, PO Box 83872",2023-11-06
236,134,227,3,2023-12-04,"537 Merry Junction, Suite 27",2023-12-07
237,173,146,1,2025-08-01,"746 Emmet Plaza, Suite 63",2025-08-04
238,118,228,10,2023-10-04,"63115 Brentwood Street, Room 268",2023-10-07
239,114,229,6,2022-11-27,"260 Carey Terrace, Suite 25",2022-11-30
240,178,230,1,2023-11-25,"8025 Gulseth Point, 9th Floor",2023-11-28
241,184,231,3,2022-09-22,"38 Menomonie Park, 16th Floor",2022-09-25
242,82,232,3,2025-04-10,"03 Carberry Center, Suite 70",2025-04-13
243,88,233,3,2023-02-24,"0103 Village Street, Room 601",2023-02-27
244,183,234,8,2024-02-21,"759 Towne Junction, 20th Floor",2024-02-24
245,52,235,7,2024-02-27,"3407 Burning Wood Terrace, Apt 259",2024-03-01
246,26,236,3,2023-05-15,"4258 Sugar Parkway, Suite 6",2023-05-18
247,172,237,10,2022-11-12,"6 Lawn Drive, PO Box 19916",2022-11-15
248,95,238,7,2024-04-03,"07 Anthes Park, Suite 48",2024-04-06
249,50,239,9,2025-06-25,"3 Farwell Plaza, Apt 1401",2025-06-28
250,192,107,1,2022-10-21,"55659 Northport Center, PO Box 4658",2022-10-24
251,4,240,2,2024-11-19,"1203 Stoughton Point, Suite 32",2024-11-22
252,32,241,10,2024-12-18,"6081 Hazelcrest Place, Apt 589",2024-12-21
253,109,242,7,2025-01-07,"762 Lakeland Plaza, Apt 1386",2025-01-10
254,100,243,4,2024-01-06,"57 Ridgeway Terrace, Suite 64",2024-01-09
255,170,244,6,2023-10-11,"1192 Mifflin Hill, Apt 1941",2023-10-14
256,33,245,1,2024-06-29,"49 Aberg Court, 2nd Floor",2024-07-02
257,60,246,1,2024-03-30,"0220 Mendota Avenue, Room 94",2024-04-02
258,114,247,8,2022-08-21,"24 Springview Park, Room 1833",2022-08-24
259,77,248,2,2023-11-14,"363 Twin Pines Way, Apt 730",2023-11-17
260,14,249,9,2022-08-11,"094 Hoepker Park, Suite 57",2022-08-14
261,53,250,7,2023-03-23,"1 Oriole Hill, Suite 38",2023-03-26
262,136,251,7,2024-03-04,"60240 Butterfield Parkway, PO Box 9558",2024-03-07
263,41,252,4,2023-06-09,"83527 Vernon Avenue, 20th Floor",2023-06-12
264,123,253,10,2025-03-30,"63 Brickson Park Drive, PO Box 85605",2025-04-02
265,41,254,10,2024-12-06,"271 Katie Crossing, Apt 1501",2024-12-09
266,157,255,8,2024-06-14,"6 Welch Center, PO Box 20363",2024-06-17
267,160,256,10,2024-03-29,"93 Warrior Alley, 15th Floor",2024-04-01
268,80,257,3,2025-07-30,"0 Dovetail Place, PO Box 78700",2025-08-02
269,56,258,9,2024-07-02,"54 Holy Cross Crossing, Suite 24",2024-07-05
270,129,259,7,2023-10-13,"8 Pankratz Pass, PO Box 35952",2023-10-16
271,115,260,3,2024-12-13,"00 Monica Parkway, Room 754",2024-12-16
272,189,261,4,2024-07-29,"12 Dennis Park, Room 1667",2024-08-01
273,88,262,4,2024-10-10,"20 Knutson Plaza, PO Box 79815",2024-10-13
274,140,263,3,2022-08-12,"7466 Arizona Lane, 5th Floor",2022-08-15
275,155,28,4,2025-08-20,"7488 Messerschmidt Trail, PO Box 25117",2025-08-23
276,98,264,9,2024-04-13,"9 Bartillon Park, Room 896",2024-04-16
277,60,265,7,2024-05-26,"144 Anzinger Parkway, Apt 1078",2024-05-29
278,197,266,5,2025-05-02,"078 Russell Hill, Room 1783",2025-05-05
279,51,267,1,2024-09-08,"3 Maryland Crossing, Room 284",2024-09-11
280,38,268,8,2025-06-29,"60811 Butternut Court, Room 1763",2025-07-02
281,175,269,9,2023-11-10,"30423 Thompson Crossing, 1st Floor",2023-11-13
282,183,63,6,2025-05-19,"7 Oak Way, 17th Floor",2025-05-22
283,143,68,2,2024-05-15,"46584 Waywood Lane, Room 232",2024-05-18
284,160,103,10,2024-07-16,"34 Lakewood Gardens Pass, 10th Floor",2024-07-19
285,23,270,10,2023-02-15,"8143 Sullivan Court, 4th Floor",2023-02-18
286,153,271,8,2023-07-20,"4921 Melby Point, Suite 52",2023-07-23
287,165,272,3,2024-06-22,"34479 Clarendon Junction, Apt 1395",2024-06-25
288,30,273,8,2022-08-27,"3803 Columbus Plaza, 16th Floor",2022-08-30
289,182,274,10,2023-08-30,"8004 Havey Court, Suite 85",2023-09-02
290,10,275,8,2024-12-30,"5 Hoard Point, Suite 56",2025-01-02
291,42,264,5,2024-07-17,"2902 Claremont Circle, Room 1082",2024-07-20
292,197,276,1,2024-08-01,"9 Fulton Crossing, Suite 53",2024-08-04
293,194,277,4,2023-03-20,"740 Burning Wood Trail, Suite 3",2023-03-23
294,88,278,2,2023-07-10,"1336 Montana Alley, PO Box 26402",2023-07-13
295,102,279,4,2023-12-06,"02 Butternut Junction, Room 1512",2023-12-09
296,129,280,7,2023-08-28,"571 Birchwood Court, Suite 31",2023-08-31
297,63,253,7,2023-03-18,"51 Donald Junction, Suite 62",2023-03-21
298,62,281,4,2024-01-28,"1 Mitchell Place, Suite 28",2024-01-31
299,181,282,7,2024-01-11,"61 Butterfield Hill, 15th Floor",2024-01-14
300,16,283,7,2025-07-31,"4376 Mcbride Road, PO Box 65185",2025-08-03
301,134,284,6,2024-11-21,"5171 Bellgrove Trail, Suite 45",2024-11-24
302,28,285,10,2024-03-22,"1805 Transport Circle, Apt 137",2024-03-25
303,112,217,1,2025-05-16,"1572 Amoth Park, Apt 350",2025-05-19
304,169,19,6,2024-06-04,"9454 Crest Line Hill, PO Box 89788",2024-06-07
305,47,286,9,2023-01-10,"44 Scott Terrace, Apt 699",2023-01-13
306,91,287,2,2024-03-30,"84 Katie Hill, Room 360",2024-04-02
307,35,288,3,2023-04-01,"7158 Drewry Place, 2nd Floor",2023-04-04
308,195,289,4,2023-05-15,"33920 Morning Pass, 8th Floor",2023-05-18
309,183,290,9,2023-06-15,"013 Grayhawk Alley, PO Box 4186",2023-06-18
310,105,291,4,2024-09-18,"06 Morning Alley, Apt 1696",2024-09-21
311,174,292,9,2025-03-24,"5629 Oak Valley Terrace, Suite 1",2025-03-27
312,6,293,4,2024-11-08,"49257 Forest Parkway, PO Box 62221",2024-11-11
313,161,294,6,2023-08-04,"54 6th Avenue, Suite 81",2023-08-07
314,7,295,8,2025-07-16,"61537 Comanche Circle, Apt 1130",2025-07-19
315,190,234,1,2023-02-09,"2 Waywood Avenue, Suite 74",2023-02-12
316,154,296,3,2023-03-08,"60574 Manufacturers Park, PO Box 5229",2023-03-11
317,8,297,8,2024-11-23,"88 Heath Crossing, Apt 853",2024-11-26
318,161,105,1,2025-08-18,"15 Moland Point, Apt 1635",2025-08-21
319,163,298,5,2024-08-31,"28398 Schlimgen Court, 5th Floor",2024-09-03
320,39,299,1,2024-09-24,"7 Eagan Plaza, PO Box 38388",2024-09-27
321,82,300,1,2025-03-28,"93 Clemons Park, 19th Floor",2025-03-31
322,168,301,9,2024-05-17,"6 Bartelt Road, PO Box 76990",2024-05-20
323,193,302,2,2024-08-09,"83169 Talisman Junction, PO Box 66719",2024-08-12
324,79,303,1,2023-06-06,"11762 Arrowood Junction, Room 957",2023-06-09
325,56,304,1,2025-02-25,"507 Toban Place, 15th Floor",2025-02-28
326,89,305,3,2024-04-18,"698 Lakewood Drive, 7th Floor",2024-04-21
327,125,306,3,2024-09-11,"85513 Vera Drive, Suite 49",2024-09-14
328,77,209,9,2024-07-22,"5 Judy Court, Suite 71",2024-07-25
329,162,307,4,2024-07-26,"00 Westridge Road, PO Box 86819",2024-07-29
330,88,62,9,2025-01-08,"31324 Gale Crossing, Apt 995",2025-01-11
331,145,308,10,2024-03-29,"8 Mosinee Trail, Apt 189",2024-04-01
332,191,309,3,2022-08-01,"73 Armistice Point, Room 1367",2022-08-04
333,22,268,5,2025-08-19,"7608 Orin Pass, Apt 216",2025-08-22
334,79,310,9,2025-01-20,"410 Homewood Court, Apt 663",2025-01-23
335,147,311,6,2023-06-29,"730 Graceland Court, Suite 64",2023-07-02
336,128,312,5,2025-04-04,"2933 Muir Avenue, Room 1016",2025-04-07
337,65,313,7,2025-03-15,"3993 Warner Alley, Suite 80",2025-03-18
338,189,314,10,2024-06-01,"1957 Kennedy Hill, Room 1447",2024-06-04
339,47,315,9,2022-08-23,"38979 Stang Hill, 20th Floor",2022-08-26
340,106,316,3,2022-11-11,"7757 Morning Point, Room 9",2022-11-14
341,10,317,4,2025-07-14,"8 5th Way, Room 481",2025-07-17
342,167,318,6,2024-06-22,"17811 Maple Street, Suite 32",2024-06-25
343,92,314,8,2022-08-12,"82866 Old Gate Pass, Apt 1979",2022-08-15
344,100,319,10,2022-11-30,"3 Esch Point, PO Box 60049",2022-12-03
345,177,320,7,2024-08-14,"03275 Glacier Hill Park, Apt 246",2024-08-17
346,25,321,5,2024-03-16,"89 Hintze Street, Suite 63",2024-03-19
347,121,322,3,2023-02-23,"287 Menomonie Drive, Apt 1480",2023-02-26
348,81,323,2,2024-08-06,"879 Bluestem Way, Apt 1388",2024-08-09
349,190,324,9,2024-12-05,"5 Spohn Pass, PO Box 51970",2024-12-08
350,34,325,5,2023-11-18,"06103 Amoth Center, Apt 1544",2023-11-21
351,59,281,8,2025-04-17,"02 Banding Road, Suite 57",2025-04-20
352,157,326,9,2023-03-22,"60 Nelson Circle, Room 329",2023-03-25
353,128,327,1,2024-09-03,"560 Meadow Ridge Parkway, Room 23",2024-09-06
354,3,328,6,2022-12-21,"82220 Eagan Junction, Apt 373",2022-12-24
355,154,329,9,2025-07-18,"3 Glacier Hill Terrace, Suite 4",2025-07-21
356,72,330,10,2022-08-19,"88 Messerschmidt Parkway, Suite 28",2022-08-22
357,151,331,4,2025-04-09,"25 Fordem Pass, Apt 1245",2025-04-12
358,137,332,5,2024-01-20,"5744 Green Ridge Hill, Room 957",2024-01-23
359,125,333,9,2025-05-02,"2834 Northfield Pass, PO Box 75055",2025-05-05
360,134,9,10,2023-07-16,"27 Farmco Trail, 17th Floor",2023-07-19
361,37,334,8,2025-02-23,"9014 Heath Court, 10th Floor",2025-02-26
362,74,335,7,2023-12-31,"30 Hansons Center, 1st Floor",2024-01-03
363,36,336,6,2024-09-19,"3038 Monica Trail, Suite 5",2024-09-22
364,90,337,10,2024-01-05,"58065 Village Green Way, Apt 333",2024-01-08
365,99,338,6,2023-05-26,"5 Jana Trail, PO Box 31513",2023-05-29
366,65,339,7,2023-01-26,"82316 Buhler Alley, 4th Floor",2023-01-29
367,79,340,8,2025-02-25,"06 Declaration Road, Apt 405",2025-02-28
368,52,341,2,2023-12-03,"26981 Scott Crossing, 7th Floor",2023-12-06
369,149,342,8,2023-02-09,"436 Walton Drive, 9th Floor",2023-02-12
370,38,343,9,2023-07-05,"61221 Fairfield Road, Room 1425",2023-07-08
371,125,344,1,2022-09-15,"12315 Ohio Park, Room 357",2022-09-18
372,114,345,3,2025-02-12,"1260 Myrtle Avenue, Room 716",2025-02-15
373,108,327,7,2023-12-10,"51 Sunfield Point, Apt 425",2023-12-13
374,148,147,9,2022-12-29,"0962 Gina Trail, Room 1914",2023-01-01
375,106,245,3,2023-01-13,"6785 Eliot Center, 15th Floor",2023-01-16
376,73,346,2,2022-09-27,"6764 Lawn Pass, Suite 15",2022-09-30
377,139,347,1,2023-05-08,"21760 Alpine Hill, Suite 90",2023-05-11
378,154,348,8,2024-03-11,"205 Kenwood Park, 7th Floor",2024-03-14
379,35,349,3,2022-09-20,"147 Rutledge Pass, Suite 36",2022-09-23
380,157,350,10,2022-08-16,"4 Lindbergh Terrace, 13th Floor",2022-08-19
381,24,351,10,2022-11-12,"64888 Blue Bill Park Place, Apt 1615",2022-11-15
382,139,352,8,2024-07-20,"580 Redwing Drive, Room 485",2024-07-23
383,179,353,2,2024-05-09,"1825 Jana Lane, PO Box 49827",2024-05-12
384,51,354,2,2024-09-28,"211 Gale Street, PO Box 57347",2024-10-01
385,126,355,4,2023-03-24,"22 Mitchell Circle, Room 1463",2023-03-27
386,152,356,2,2022-10-05,"015 Burrows Parkway, PO Box 87006",2022-10-08
387,161,357,7,2025-03-18,"8 Meadow Valley Court, Apt 1946",2025-03-21
388,73,358,7,2024-09-30,"7518 Cherokee Parkway, PO Box 28007",2024-10-03
389,115,359,1,2023-03-22,"644 Kipling Avenue, PO Box 93098",2023-03-25
390,48,360,2,2022-08-19,"29833 Hazelcrest Circle, Room 1272",2022-08-22
391,114,361,9,2025-04-27,"28 Grim Road, Apt 219",2025-04-30
392,137,362,5,2023-04-14,"9837 Tony Crossing, PO Box 29983",2023-04-17
393,16,363,4,2025-01-10,"6 Mitchell Court, Suite 73",2025-01-13
394,160,326,3,2024-11-18,"7556 Erie Center, Apt 97",2024-11-21
395,148,364,1,2024-08-10,"461 Leroy Court, PO Box 99427",2024-08-13
396,176,365,1,2022-12-06,"7934 Monterey Trail, PO Box 48746",2022-12-09
397,197,366,8,2023-11-04,"187 Kensington Plaza, PO Box 83857",2023-11-07
398,176,367,9,2023-04-27,"07511 Commercial Place, Apt 810",2023-04-30
399,57,368,7,2024-01-01,"1590 Helena Way, Suite 93",2024-01-04
400,77,369,8,2025-09-08,"030 Northwestern Trail, Apt 561",2025-09-11
401,190,333,9,2024-03-25,"291 Linden Place, 11th Floor",2024-03-28
402,93,370,9,2023-02-14,"7642 Paget Alley, 19th Floor",2023-02-17
403,101,371,3,2022-08-18,"93 Grasskamp Trail, 13th Floor",2022-08-21
404,84,372,6,2024-07-02,"750 Saint Paul Street, 5th Floor",2024-07-05
405,196,373,3,2024-06-22,"48605 Dawn Pass, PO Box 91753",2024-06-25
406,133,374,4,2022-08-15,"82 Lakewood Street, PO Box 41436",2022-08-18
407,112,375,6,2024-01-10,"2418 Park Meadow Way, Apt 592",2024-01-13
408,181,376,4,2023-06-21,"4141 Mcguire Terrace, Room 923",2023-06-24
409,25,377,10,2024-12-13,"1 Raven Plaza, 19th Floor",2024-12-16
410,47,115,8,2022-08-24,"0088 Riverside Crossing, 7th Floor",2022-08-27
411,106,378,1,2024-06-30,"76 Anhalt Pass, 4th Floor",2024-07-03
412,118,379,8,2025-06-17,"720 Hooker Park, PO Box 76347",2025-06-20
413,165,380,4,2023-01-23,"08 South Terrace, PO Box 56704",2023-01-26
414,188,381,1,2025-04-22,"740 Redwing Park, PO Box 59265",2025-04-25
415,15,382,8,2023-03-24,"44 Veith Hill, PO Box 73168",2023-03-27
416,128,383,7,2023-11-08,"57 Kipling Terrace, Room 198",2023-11-11
417,147,384,1,2025-04-30,"89098 Warner Lane, 1st Floor",2025-05-03
418,121,385,4,2024-03-23,"58596 Sage Terrace, Room 1161",2024-03-26
419,52,386,8,2024-10-10,"190 West Hill, Suite 18",2024-10-13
420,186,387,9,2024-06-16,"5 Scott Pass, 13th Floor",2024-06-19
421,12,189,4,2023-06-02,"30873 Heffernan Avenue, PO Box 26123",2023-06-05
422,106,244,3,2024-08-12,"035 Nova Junction, Apt 527",2024-08-15
423,74,388,5,2022-08-25,"4612 Sullivan Terrace, Room 736",2022-08-28
424,135,389,2,2023-03-29,"8405 Norway Maple Lane, Suite 62",2023-04-01
425,141,390,1,2023-10-03,"7 Moose Crossing, PO Box 72369",2023-10-06
426,116,63,9,2024-10-06,"8 Ridge Oak Center, 12th Floor",2024-10-09
427,138,391,3,2024-09-20,"1 Luster Point, 20th Floor",2024-09-23
428,93,392,9,2024-11-08,"1770 Bluejay Circle, Apt 1227",2024-11-11
429,166,393,8,2024-01-26,"4 Thackeray Lane, Room 552",2024-01-29
430,157,26,8,2025-01-23,"231 Hooker Lane, Suite 37",2025-01-26
431,33,394,2,2025-05-09,"9 Porter Park, Room 282",2025-05-12
432,194,395,4,2024-11-08,"92 3rd Junction, Apt 1596",2024-11-11
433,181,396,8,2025-06-22,"532 Vernon Park, Apt 821",2025-06-25
434,43,397,3,2024-10-01,"86 Bobwhite Junction, Apt 1785",2024-10-04
435,28,398,8,2025-07-02,"51382 Fairview Park, 17th Floor",2025-07-05
436,160,106,10,2025-06-30,"42 Mallory Trail, 6th Floor",2025-07-03
437,125,399,5,2024-07-29,"725 Village Green Center, PO Box 7578",2024-08-01
438,123,400,4,2022-10-06,"79679 Lawn Way, Apt 1139",2022-10-09
439,110,401,4,2025-08-19,"9821 Kedzie Terrace, PO Box 57533",2025-08-22
440,192,150,3,2023-03-19,"470 Dottie Avenue, Suite 97",2023-03-22
441,30,402,8,2024-12-09,"61926 Merrick Park, Apt 171",2024-12-12
442,200,403,9,2024-04-30,"36 Eagle Crest Circle, Suite 37",2024-05-03
443,163,404,10,2024-06-01,"98382 Eagle Crest Drive, Room 826",2024-06-04
444,9,405,9,2025-05-25,"9 Havey Drive, Apt 766",2025-05-28
445,25,104,6,2024-09-03,"4139 Fulton Drive, Apt 1002",2024-09-06
446,112,406,6,2023-03-31,"3 Spohn Road, 1st Floor",2023-04-03
447,101,407,5,2024-08-23,"0 Goodland Point, Suite 99",2024-08-26
448,42,408,8,2025-02-20,"73899 Namekagon Pass, Room 562",2025-02-23
449,94,409,10,2025-08-09,"60191 Clyde Gallagher Lane, Suite 95",2025-08-12
450,145,410,7,2025-07-15,"22381 Ilene Crossing, Suite 41",2025-07-18
451,11,113,7,2022-09-01,"6 Union Crossing, PO Box 8564",2022-09-04
452,63,411,1,2023-08-10,"915 Rowland Alley, Room 513",2023-08-13
453,84,133,7,2024-06-09,"33387 Buhler Avenue, Suite 58",2024-06-12
454,163,412,10,2024-06-28,"8234 Schmedeman Way, Apt 1071",2024-07-01
455,186,413,5,2025-07-16,"9 Clove Crossing, Suite 55",2025-07-19
456,30,414,9,2023-04-30,"32 Jay Pass, PO Box 13043",2023-05-03
457,114,415,8,2025-04-02,"039 Springs Pass, Apt 1736",2025-04-05
458,91,416,10,2023-04-28,"38 Springs Street, Apt 916",2023-05-01
459,71,417,4,2024-06-22,"11847 Crownhardt Parkway, PO Box 80588",2024-06-25
460,171,119,7,2022-12-13,"19727 Talisman Pass, Apt 1279",2022-12-16
461,141,418,1,2023-11-16,"893 Saint Paul Circle, 3rd Floor",2023-11-19
462,80,419,2,2025-03-27,"6450 Veith Trail, Suite 56",2025-03-30
463,122,420,4,2025-06-01,"1 Lakewood Gardens Point, Suite 98",2025-06-04
464,96,2,1,2025-04-06,"26 Scott Alley, 13th Floor",2025-04-09
465,121,421,10,2024-09-17,"0 Carioca Alley, 7th Floor",2024-09-20
466,112,422,2,2023-08-22,"34252 Thompson Center, Apt 673",2023-08-25
467,37,423,6,2024-05-28,"1592 Old Gate Trail, Apt 1784",2024-05-31
468,29,424,4,2024-06-24,"5 Macpherson Center, 5th Floor",2024-06-27
469,136,425,8,2023-12-28,"2 Mallory Place, PO Box 44551",2023-12-31
470,163,426,5,2024-02-24,"4 Thierer Avenue, 1st Floor",2024-02-27
471,127,427,9,2023-10-21,"2045 Melby Park, Apt 1695",2023-10-24
472,4,428,4,2023-04-09,"64832 Center Plaza, 14th Floor",2023-04-12
473,10,280,1,2023-11-19,"92 American Ash Road, 16th Floor",2023-11-22
474,183,429,7,2024-05-19,"0049 Sunnyside Road, Apt 727",2024-05-22
475,123,164,9,2023-02-23,"5269 Rockefeller Street, 8th Floor",2023-02-26
476,167,279,8,2024-05-23,"1 Schurz Park, 17th Floor",2024-05-26
477,166,430,5,2023-03-06,"8 Forest Run Crossing, 14th Floor",2023-03-09
478,14,223,1,2023-10-02,"1 Prairieview Junction, Room 1376",2023-10-05
479,187,431,7,2024-05-13,"65179 Lyons Junction, 15th Floor",2024-05-16
480,32,432,9,2024-04-06,"0 Linden Court, Room 1847",2024-04-09
481,19,433,2,2025-03-13,"20 Lukken Point, Room 119",2025-03-16
482,50,409,1,2024-09-20,"04036 Elka Parkway, Room 6",2024-09-23
483,58,434,6,2024-03-10,"5 Grayhawk Terrace, Apt 1959",2024-03-13
484,127,9,2,2024-03-01,"360 Haas Court, Suite 93",2024-03-04
485,137,435,9,2025-01-06,"20989 Golf View Crossing, Apt 927",2025-01-09
486,65,436,5,2023-03-29,"620 Elmside Crossing, PO Box 88727",2023-04-01
487,124,437,3,2022-11-20,"1059 Dryden Court, PO Box 34304",2022-11-23
488,133,29,7,2024-12-16,"75 Autumn Leaf Point, PO Box 74476",2024-12-19
489,86,438,6,2025-02-23,"13 Namekagon Point, PO Box 74917",2025-02-26
490,64,439,9,2023-12-20,"73 Northfield Center, Apt 1238",2023-12-23
491,1,106,6,2023-04-26,"146 Merchant Way, Suite 38",2023-04-29
492,153,440,4,2025-06-15,"95 Ludington Parkway, Suite 76",2025-06-18
493,81,441,2,2023-11-15,"25616 Fulton Junction, 20th Floor",2023-11-18
494,114,442,5,2023-03-16,"1746 Tomscot Road, PO Box 19011",2023-03-19
495,191,3,10,2022-12-26,"84219 Nevada Place, Suite 69",2022-12-29
496,165,52,8,2023-03-11,"779 Carioca Alley, Room 1245",2023-03-14
497,121,156,1,2023-06-10,"926 Bartelt Plaza, 18th Floor",2023-06-13
498,115,379,10,2024-10-13,"03203 Chinook Terrace, Apt 435",2024-10-16
499,163,443,6,2025-08-02,"3992 Utah Place, PO Box 16477",2025-08-05
500,69,444,10,2023-03-25,"0533 Eagle Crest Drive, Suite 44",2023-03-28
501,154,445,9,2024-02-21,"8458 Beilfuss Center, Suite 35",2024-02-24
502,168,446,8,2025-07-08,"3681 Dovetail Court, Apt 858",2025-07-11
503,117,173,9,2024-08-06,"39 Hagan Hill, Room 1320",2024-08-09
504,183,447,1,2022-09-05,"3 Iowa Park, 4th Floor",2022-09-08
505,70,147,2,2024-10-07,"00 Jay Circle, Room 1679",2024-10-10
506,85,448,2,2025-02-27,"364 Farmco Crossing, Suite 41",2025-03-02
507,73,449,2,2024-10-24,"95771 Susan Court, 3rd Floor",2024-10-27
508,133,450,1,2022-11-20,"598 Gale Avenue, Room 1532",2022-11-23
509,153,142,7,2025-08-02,"035 Anhalt Circle, 18th Floor",2025-08-05
510,77,451,5,2025-04-25,"72 Tomscot Pass, Apt 50",2025-04-28
511,10,452,8,2023-12-20,"8160 Morningstar Place, 2nd Floor",2023-12-23
512,181,453,4,2024-10-21,"65771 Stephen Alley, 14th Floor",2024-10-24
513,72,454,5,2024-11-09,"97 Comanche Center, Apt 111",2024-11-12
514,172,455,7,2024-08-14,"12 Kim Alley, Suite 87",2024-08-17
515,58,456,7,2024-07-11,"0700 Prairie Rose Alley, PO Box 29662",2024-07-14
516,43,457,8,2023-03-07,"45856 Prairie Rose Center, PO Box 39502",2023-03-10
517,26,458,4,2023-03-01,"9336 Ridge Oak Street, 20th Floor",2023-03-04
518,181,459,5,2022-10-09,"09036 Lotheville Point, PO Box 2407",2022-10-12
519,80,460,9,2023-08-26,"4985 Dorton Place, Apt 1720",2023-08-29
520,83,461,9,2023-12-16,"4848 Weeping Birch Terrace, PO Box 18569",2023-12-19
521,162,345,8,2023-11-12,"657 Golf Terrace, Apt 1879",2023-11-15
522,23,462,7,2022-12-12,"875 Novick Pass, Room 1161",2022-12-15
523,60,288,5,2025-02-17,"3761 Petterle Road, 10th Floor",2025-02-20
524,49,332,3,2023-12-15,"4613 Londonderry Avenue, 13th Floor",2023-12-18
525,104,463,10,2023-01-01,"7 Kennedy Terrace, PO Box 56414",2023-01-04
526,56,464,6,2024-02-06,"6 Onsgard Terrace, PO Box 97554",2024-02-09
527,94,4,8,2023-04-12,"2 Heffernan Street, Room 1010",2023-04-15
528,135,465,10,2025-04-28,"97557 5th Plaza, Apt 1261",2025-05-01
529,142,466,4,2024-07-27,"74 Gulseth Street, 14th Floor",2024-07-30
530,42,467,8,2025-04-23,"71321 Victoria Park, Room 406",2025-04-26
531,20,468,8,2023-03-04,"48 Rockefeller Hill, Room 1293",2023-03-07
532,49,469,6,2024-08-22,"78 Bowman Parkway, 16th Floor",2024-08-25
533,135,470,2,2024-01-27,"668 Lindbergh Crossing, Room 731",2024-01-30
534,54,471,4,2024-02-04,"013 Independence Circle, Apt 565",2024-02-07
535,9,472,2,2024-12-31,"28 Hagan Lane, Apt 1585",2025-01-03
536,184,473,3,2024-07-12,"23003 Green Ridge Center, Room 1780",2024-07-15
537,40,154,3,2022-10-14,"8189 Washington Trail, Apt 816",2022-10-17
538,108,255,1,2023-06-26,"375 Novick Street, Room 40",2023-06-29
539,27,474,6,2024-01-28,"5500 Milwaukee Crossing, 4th Floor",2024-01-31
540,89,475,10,2024-09-20,"66 Hallows Place, PO Box 45502",2024-09-23
541,14,476,8,2025-07-21,"4 Gulseth Crossing, 16th Floor",2025-07-24
542,53,477,8,2025-02-26,"66 Mandrake Lane, 7th Floor",2025-03-01
543,161,478,4,2025-08-10,"98687 Lake View Plaza, Suite 25",2025-08-13
544,31,479,10,2023-12-15,"4 Carey Avenue, Apt 703",2023-12-18
545,18,480,6,2024-06-13,"15 Hollow Ridge Avenue, PO Box 47895",2024-06-16
546,178,481,6,2025-04-19,"40 Artisan Lane, Suite 9",2025-04-22
547,41,233,7,2023-11-18,"91712 Barnett Pass, 15th Floor",2023-11-21
548,133,482,1,2025-03-06,"64 Crest Line Place, Room 1604",2025-03-09
549,175,206,6,2024-05-24,"60 Jana Terrace, 6th Floor",2024-05-27
550,67,471,7,2024-10-17,"6 Havey Hill, Suite 66",2024-10-20
551,164,400,5,2023-02-08,"40 Comanche Trail, PO Box 58521",2023-02-11
552,132,257,2,2023-02-09,"16 Fairview Lane, 1st Floor",2023-02-12
553,38,415,7,2023-06-16,"0790 Dixon Court, Room 1623",2023-06-19
554,69,483,8,2023-04-13,"05737 Tennyson Hill, 13th Floor",2023-04-16
555,43,484,2,2025-06-26,"1383 New Castle Road, PO Box 33487",2025-06-29
556,145,485,9,2023-08-01,"5028 Oak Valley Alley, Apt 247",2023-08-04
557,196,486,10,2023-05-25,"12 Golf Course Court, PO Box 30484",2023-05-28
558,135,487,7,2023-02-21,"738 Gateway Trail, Apt 752",2023-02-24
559,57,413,7,2023-11-18,"4 Carberry Junction, Suite 31",2023-11-21
560,71,488,3,2022-10-07,"71 Stone Corner Trail, Suite 60",2022-10-10
561,138,489,2,2023-08-08,"91456 Sycamore Alley, Suite 99",2023-08-11
562,192,490,10,2025-06-15,"33330 Karstens Avenue, PO Box 42965",2025-06-18
563,155,491,9,2025-01-15,"230 Cambridge Trail, Room 1119",2025-01-18
564,2,492,7,2022-11-12,"2802 Sugar Trail, Room 118",2022-11-15
565,48,318,9,2024-05-01,"5263 Hallows Point, 1st Floor",2024-05-04
566,107,493,10,2023-09-12,"689 Buell Circle, Apt 1989",2023-09-15
567,119,418,4,2023-10-19,"4401 Cordelia Way, Room 1403",2023-10-22
568,56,494,8,2024-05-02,"357 Clyde Gallagher Point, Room 550",2024-05-05
569,13,495,1,2022-09-12,"75 Gale Trail, Suite 47",2022-09-15
570,81,469,7,2023-01-01,"4 Dovetail Parkway, Suite 74",2023-01-04
571,91,496,4,2023-03-23,"370 Bellgrove Parkway, Room 1687",2023-03-26
572,29,497,2,2024-01-22,"24539 Marcy Place, Apt 1907",2024-01-25
573,182,498,2,2023-04-28,"98496 Golden Leaf Center, Room 1022",2023-05-01
574,35,499,9,2024-07-06,"8 Porter Junction, Room 352",2024-07-09
575,25,284,6,2024-10-03,"4937 Lindbergh Road, Room 788",2024-10-06
576,154,384,5,2025-04-19,"1828 Chive Center, Room 1759",2025-04-22
577,118,140,8,2023-10-16,"5 Delaware Drive, Room 916",2023-10-19
578,12,301,1,2025-04-21,"14 Fulton Street, PO Box 67920",2025-04-24
579,155,500,5,2023-02-04,"974 Milwaukee Street, 6th Floor",2023-02-07
580,168,501,10,2023-06-28,"178 Rusk Park, Apt 1446",2023-07-01
581,199,502,10,2024-11-15,"67 Dottie Court, 4th Floor",2024-11-18
582,200,503,2,2023-12-12,"14 Brentwood Street, PO Box 26380",2023-12-15
583,41,504,5,2023-09-19,"3 Iowa Street, PO Box 70634",2023-09-22
584,139,442,9,2025-01-06,"33269 East Crossing, Room 873",2025-01-09
585,82,505,1,2023-11-10,"8 Sugar Crossing, 15th Floor",2023-11-13
586,1,506,10,2024-05-08,"8170 Linden Parkway, PO Box 39642",2024-05-11
587,46,60,3,2025-06-14,"07923 Banding Lane, 3rd Floor",2025-06-17
588,80,473,6,2025-09-05,"4 Sommers Trail, PO Box 94666",2025-09-08
589,19,150,2,2023-07-05,"1 Parkside Hill, Room 816",2023-07-08
590,54,507,10,2024-04-27,"225 Chinook Lane, 9th Floor",2024-04-30
591,79,203,4,2024-02-12,"593 Graceland Circle, Suite 27",2024-02-15
592,48,508,7,2024-12-16,"86951 Eliot Pass, Room 849",2024-12-19
593,120,481,7,2025-02-07,"2 Jana Center, Suite 69",2025-02-10
594,106,44,5,2024-11-22,"9 Carberry Point, 16th Floor",2024-11-25
595,101,509,6,2022-11-27,"734 Shopko Center, Room 782",2022-11-30
596,60,510,10,2024-12-02,"8280 Dottie Pass, Room 507",2024-12-05
597,87,511,6,2024-05-24,"6451 Truax Parkway, PO Box 5086",2024-05-27
598,156,123,5,2025-03-22,"84 Gulseth Pass, 5th Floor",2025-03-25
599,54,512,8,2024-03-22,"3 International Drive, Apt 442",2024-03-25
600,48,513,2,2022-09-22,"9 Rusk Lane, Apt 1648",2022-09-25
601,164,514,10,2024-07-16,"1 Anderson Drive, Suite 53",2024-07-19
602,81,515,2,2023-02-26,"0483 Meadow Vale Park, 18th Floor",2023-03-01
603,174,516,7,2024-04-27,"594 Autumn Leaf Street, 2nd Floor",2024-04-30
604,164,517,3,2023-03-09,"641 Maple Terrace, PO Box 30976",2023-03-12
605,78,438,6,2024-08-17,"6 Morrow Place, Apt 1089",2024-08-20
606,104,518,1,2023-11-14,"6979 Bultman Drive, Apt 212",2023-11-17
607,104,41,8,2025-07-29,"0 Dahle Hill, Room 1391",2025-08-01
608,93,519,1,2024-08-17,"23 Pond Center, Apt 1896",2024-08-20
609,133,520,9,2025-08-05,"676 Springview Trail, Room 829",2025-08-08
610,1,363,2,2024-11-06,"2 Bartillon Terrace, Room 859",2024-11-09
611,98,521,4,2023-04-14,"07 Oxford Circle, PO Box 424",2023-04-17
612,79,28,4,2023-07-13,"988 Bluestem Junction, Room 1841",2023-07-16
613,130,522,2,2023-10-17,"41342 Blaine Road, PO Box 39008",2023-10-20
614,43,523,5,2025-08-18,"24257 Corscot Avenue, 15th Floor",2025-08-21
615,106,524,3,2024-03-19,"58 Glendale Circle, 4th Floor",2024-03-22
616,34,189,1,2024-05-17,"66566 Packers Center, PO Box 77821",2024-05-20
617,99,525,9,2023-11-06,"27280 Hoffman Way, Room 1011",2023-11-09
618,81,526,6,2023-12-11,"00757 Forster Parkway, 19th Floor",2023-12-14
619,62,527,8,2024-08-03,"26909 Talisman Alley, Suite 68",2024-08-06
620,143,274,5,2024-03-25,"52 Goodland Way, Suite 1",2024-03-28
621,179,528,1,2025-01-31,"13 Hauk Terrace, Suite 55",2025-02-03
622,9,529,8,2022-09-19,"1242 Brown Court, Room 1026",2022-09-22
623,32,530,1,2025-02-01,"552 Milwaukee Avenue, Suite 57",2025-02-04
624,55,531,10,2025-05-14,"5 Briar Crest Hill, Apt 1403",2025-05-17
625,199,59,7,2025-02-09,"9 Vera Alley, Room 866",2025-02-12
626,182,82,7,2023-05-26,"22428 Donald Road, Room 62",2023-05-29
627,151,532,5,2023-09-25,"50 Glacier Hill Alley, Room 1533",2023-09-28
628,77,533,6,2024-07-26,"3699 Jay Hill, 17th Floor",2024-07-29
629,96,534,5,2023-05-02,"529 Meadow Ridge Place, 5th Floor",2023-05-05
630,193,126,1,2024-08-04,"35288 Sugar Trail, 9th Floor",2024-08-07
631,118,340,1,2023-02-15,"3903 Sunfield Crossing, Apt 1888",2023-02-18
632,149,535,8,2025-02-08,"56170 Schiller Plaza, Room 1829",2025-02-11
633,42,347,9,2023-08-23,"62358 6th Drive, PO Box 62925",2023-08-26
634,51,536,2,2023-04-09,"0 Oak Point, Room 799",2023-04-12
635,69,537,7,2022-09-11,"2 Dryden Court, Apt 266",2022-09-14
636,91,115,1,2024-06-14,"2 Pierstorff Way, Room 317",2024-06-17
637,64,538,3,2022-09-27,"01 Melby Place, Apt 764",2022-09-30
638,83,539,8,2022-11-03,"6845 Fairview Trail, Suite 87",2022-11-06
639,151,540,10,2025-01-27,"050 Lotheville Drive, Room 1273",2025-01-30
640,165,541,3,2023-01-31,"4509 Fairview Lane, Room 1498",2023-02-03
641,176,542,6,2025-08-29,"37 Stang Junction, Apt 1837",2025-09-01
642,105,21,7,2024-06-07,"2600 Basil Junction, Apt 1370",2024-06-10
643,92,297,9,2023-03-27,"615 Bayside Avenue, PO Box 12869",2023-03-30
644,16,162,9,2022-10-08,"63 Prentice Way, Apt 1630",2022-10-11
645,14,543,1,2025-07-27,"015 Forest Run Road, 4th Floor",2025-07-30
646,31,222,9,2024-04-05,"6542 Pine View Circle, PO Box 69432",2024-04-08
647,29,544,10,2024-11-12,"4778 Old Shore Crossing, PO Box 49655",2024-11-15
648,76,271,6,2022-09-05,"274 Carey Pass, Apt 852",2022-09-08
649,101,545,4,2024-03-06,"099 Hanson Plaza, 9th Floor",2024-03-09
650,168,101,4,2025-05-15,"3 Talisman Terrace, Apt 936",2025-05-18
651,166,546,7,2024-04-13,"811 Calypso Lane, Apt 757",2024-04-16
652,127,547,10,2023-11-27,"3 Old Gate Circle, PO Box 34347",2023-11-30
653,87,182,8,2023-04-26,"2 Fulton Plaza, Room 1170",2023-04-29
654,179,548,4,2023-04-20,"9838 Pawling Way, Apt 78",2023-04-23
655,148,549,8,2024-01-26,"92062 Main Terrace, 19th Floor",2024-01-29
656,188,200,3,2022-11-11,"65 Oak Crossing, Suite 73",2022-11-14
657,43,550,8,2022-12-01,"69178 Center Avenue, Apt 807",2022-12-04
658,103,551,1,2024-01-07,"1660 Schurz Way, Apt 1933",2024-01-10
659,34,330,4,2023-01-07,"58632 Killdeer Crossing, 18th Floor",2023-01-10
660,23,481,5,2025-05-07,"2 Stuart Lane, Apt 1597",2025-05-10
661,34,421,2,2025-07-25,"79 Farragut Hill, 17th Floor",2025-07-28
662,8,485,9,2025-06-07,"23241 Blaine Alley, Apt 472",2025-06-10
663,40,552,3,2022-12-12,"70 Schurz Trail, Suite 60",2022-12-15
664,42,553,1,2025-05-31,"573 Briar Crest Plaza, Suite 78",2025-06-03
665,178,93,9,2023-01-30,"2 Butternut Avenue, 6th Floor",2023-02-02
666,88,554,1,2023-12-28,"3690 Eggendart Hill, Apt 50",2023-12-31
667,137,555,9,2024-11-05,"576 Holmberg Alley, PO Box 89452",2024-11-08
668,139,43,9,2025-06-04,"6453 Barnett Park, Apt 24",2025-06-07
669,27,556,9,2024-09-27,"5 Southridge Court, Room 427",2024-09-30
670,107,34,9,2023-05-04,"940 Crownhardt Parkway, Room 1598",2023-05-07
671,180,557,8,2023-09-01,"5860 Banding Terrace, Suite 2",2023-09-04
672,159,558,10,2025-04-16,"04086 Marcy Trail, Room 630",2025-04-19
673,86,431,9,2024-06-10,"0 Drewry Pass, Room 501",2024-06-13
674,111,33,8,2025-02-06,"27 Chinook Plaza, PO Box 93210",2025-02-09
675,90,379,4,2025-02-27,"122 Harbort Hill, Suite 19",2025-03-02
676,59,559,4,2023-08-09,"39778 Anthes Hill, Apt 25",2023-08-12
677,3,560,3,2024-04-17,"6790 Nobel Road, Apt 1806",2024-04-20
678,133,561,4,2023-10-06,"8 Troy Point, 7th Floor",2023-10-09
679,30,562,8,2024-05-02,"5 3rd Center, Apt 1021",2024-05-05
680,145,563,4,2024-05-07,"76 Hansons Junction, PO Box 34869",2024-05-10
681,7,564,8,2022-10-01,"06804 Grim Circle, Apt 1973",2022-10-04
682,9,565,2,2025-04-16,"15313 Ludington Avenue, PO Box 6548",2025-04-19
683,185,566,3,2024-01-17,"38 Shelley Way, Room 347",2024-01-20
684,13,567,5,2023-09-30,"72 Chinook Way, Apt 739",2023-10-03
685,2,568,5,2023-12-12,"124 Dottie Drive, Room 264",2023-12-15
686,6,569,2,2022-10-27,"1860 Nelson Point, Suite 32",2022-10-30
687,22,570,8,2024-06-25,"6370 Graceland Lane, Suite 77",2024-06-28
688,30,571,7,2025-06-03,"58882 Basil Trail, PO Box 71075",2025-06-06
689,65,572,5,2024-10-01,"8651 Graceland Hill, Suite 49",2024-10-04
690,39,573,9,2024-11-21,"62274 Fieldstone Point, Room 267",2024-11-24
691,168,574,2,2025-08-09,"8836 Hansons Lane, PO Box 3922",2025-08-12
692,153,505,2,2023-07-07,"89 Crest Line Way, PO Box 45399",2023-07-10
693,22,575,8,2024-03-30,"57 Lillian Park, Room 176",2024-04-02
694,85,576,1,2023-03-18,"64 Glacier Hill Parkway, Room 1799",2023-03-21
695,178,577,7,2023-06-10,"5 Harbort Parkway, PO Box 35793",2023-06-13
696,29,578,2,2024-04-07,"301 Warbler Pass, Apt 1506",2024-04-10
697,190,579,1,2022-09-20,"483 Summerview Lane, 2nd Floor",2022-09-23
698,112,580,4,2023-12-01,"20 Lerdahl Street, Apt 607",2023-12-04
699,48,581,3,2025-06-07,"63158 Amoth Junction, Suite 78",2025-06-10
700,9,582,1,2025-03-30,"3107 Vera Court, Apt 714",2025-04-02
701,169,583,3,2024-07-14,"0368 Mcbride Hill, Room 974",2024-07-17
702,124,584,9,2022-08-03,"540 Waubesa Hill, Suite 28",2022-08-06
703,148,585,5,2023-03-27,"1473 Briar Crest Plaza, PO Box 14986",2023-03-30
704,98,177,7,2023-12-16,"3523 Main Plaza, Suite 77",2023-12-19
705,179,586,2,2024-10-19,"67 Amoth Terrace, Apt 169",2024-10-22
706,23,587,4,2024-04-04,"41422 Darwin Park, Room 1811",2024-04-07
707,97,588,10,2022-09-20,"14191 Little Fleur Trail, PO Box 33502",2022-09-23
708,71,115,8,2023-04-06,"734 Hoepker Junction, Suite 5",2023-04-09
709,150,589,8,2023-07-10,"4 Kropf Lane, PO Box 62093",2023-07-13
710,170,590,7,2022-12-04,"75 Division Hill, Room 1208",2022-12-07
711,123,183,2,2024-12-07,"4377 Gerald Parkway, Apt 503",2024-12-10
712,89,276,8,2024-10-01,"63 Commercial Avenue, Suite 41",2024-10-04
713,112,591,4,2025-06-19,"30789 Dayton Plaza, Apt 185",2025-06-22
714,18,592,10,2025-04-13,"6468 Chive Street, Apt 1195",2025-04-16
715,120,593,6,2022-08-30,"4 Crescent Oaks Road, 1st Floor",2022-09-02
716,114,594,10,2025-07-08,"578 Hollow Ridge Pass, Suite 12",2025-07-11
717,197,595,6,2025-02-23,"2 Welch Way, Room 1481",2025-02-26
718,31,596,10,2025-03-14,"771 Debra Point, Suite 37",2025-03-17
719,139,597,8,2022-12-16,"890 Mendota Alley, Suite 47",2022-12-19
720,189,598,10,2024-07-24,"72 Veith Parkway, PO Box 30076",2024-07-27
721,140,599,3,2025-06-22,"22038 Manufacturers Circle, Suite 57",2025-06-25
722,22,600,10,2025-01-27,"2843 Eagle Crest Trail, PO Box 68203",2025-01-30
723,16,601,3,2025-07-31,"0242 Menomonie Trail, PO Box 39883",2025-08-03
724,186,602,6,2023-08-15,"93 Norway Maple Circle, Room 1989",2023-08-18
725,121,111,2,2024-01-19,"40000 Blaine Trail, 1st Floor",2024-01-22
726,186,472,6,2024-02-21,"36 Buhler Center, Suite 27",2024-02-24
727,135,603,10,2023-11-05,"9204 Veith Parkway, Suite 85",2023-11-08
728,110,604,5,2022-10-11,"4006 Transport Crossing, Room 1117",2022-10-14
729,24,605,3,2025-08-05,"2514 Hagan Terrace, Suite 70",2025-08-08
730,156,53,10,2023-08-31,"1295 Valley Edge Place, Suite 66",2023-09-03
731,45,606,1,2024-05-22,"8 Beilfuss Place, PO Box 63495",2024-05-25
732,195,607,4,2024-07-22,"53 Oxford Lane, PO Box 14566",2024-07-25
733,189,521,1,2024-04-25,"8934 Garrison Parkway, Apt 700",2024-04-28
734,193,608,10,2023-04-06,"7475 Lake View Street, Apt 207",2023-04-09
735,115,609,9,2024-11-20,"4901 Victoria Circle, Suite 87",2024-11-23
736,198,263,4,2022-08-12,"4737 Hovde Place, PO Box 71393",2022-08-15
737,104,610,9,2024-01-09,"93448 Fremont Road, Suite 29",2024-01-12
738,164,356,3,2023-01-12,"1227 Haas Way, Room 893",2023-01-15
739,40,611,9,2022-12-31,"52 Havey Road, Room 1156",2023-01-03
740,84,612,5,2024-12-06,"7445 Mayer Junction, Room 1359",2024-12-09
741,17,613,1,2024-05-25,"0863 Sugar Lane, PO Box 73594",2024-05-28
742,105,528,7,2024-08-13,"053 Anthes Circle, Room 299",2024-08-16
743,27,614,8,2023-11-19,"3337 Summit Hill, Apt 214",2023-11-22
744,57,615,1,2024-08-12,"7945 Porter Junction, 7th Floor",2024-08-15
745,23,616,8,2024-03-22,"48 Coolidge Pass, Room 754",2024-03-25
746,104,617,10,2023-08-18,"35805 Rutledge Street, PO Box 3796",2023-08-21
747,184,618,8,2025-08-30,"2 Melrose Avenue, Room 1087",2025-09-02
748,105,56,5,2024-06-08,"0 Roth Street, Suite 2",2024-06-11
749,153,619,7,2025-09-03,"5 Center Trail, Suite 94",2025-09-06
750,129,620,6,2023-04-16,"55 Shasta Road, Suite 97",2023-04-19
751,120,375,10,2025-02-07,"15552 Redwing Hill, Apt 1560",2025-02-10
752,80,621,7,2023-04-15,"17527 2nd Junction, Apt 1862",2023-04-18
753,163,622,3,2022-11-15,"7094 Schlimgen Lane, Room 820",2022-11-18
754,9,623,1,2023-08-01,"40705 Mitchell Place, 4th Floor",2023-08-04
755,186,624,9,2023-12-15,"7961 Barnett Point, Room 1946",2023-12-18
756,24,334,7,2023-11-16,"0 Ridge Oak Place, Apt 838",2023-11-19
757,87,625,6,2024-06-03,"483 Monterey Hill, Apt 1721",2024-06-06
758,104,284,5,2022-10-12,"387 Darwin Lane, Suite 28",2022-10-15
759,197,288,9,2025-06-07,"9915 Anthes Pass, PO Box 16129",2025-06-10
760,158,626,6,2023-05-05,"86 Loftsgordon Circle, Apt 661",2023-05-08
761,97,165,10,2023-06-26,"66 Anderson Crossing, Apt 707",2023-06-29
762,161,627,9,2024-12-14,"5 Hazelcrest Pass, PO Box 29551",2024-12-17
763,138,628,1,2024-08-16,"3 Logan Alley, Apt 672",2024-08-19
764,198,566,8,2023-11-25,"2477 Upham Avenue, Suite 58",2023-11-28
765,42,629,9,2024-08-04,"4395 Nelson Point, 10th Floor",2024-08-07
766,24,630,9,2024-06-24,"01 Fallview Plaza, Room 1291",2024-06-27
767,108,576,4,2025-06-21,"1731 Talisman Trail, Room 270",2025-06-24
768,193,456,5,2024-03-09,"1 Westport Place, 13th Floor",2024-03-12
769,103,230,5,2025-03-01,"830 Truax Hill, 5th Floor",2025-03-04
770,174,197,9,2025-08-03,"43 Rieder Court, Apt 615",2025-08-06
771,115,631,9,2024-09-18,"40 Cascade Hill, Suite 72",2024-09-21
772,78,632,2,2023-01-23,"76 Jana Point, Apt 534",2023-01-26
773,192,633,2,2023-07-17,"0 Red Cloud Center, Room 1382",2023-07-20
774,165,169,4,2024-05-23,"4735 Transport Road, Suite 46",2024-05-26
775,178,587,4,2024-04-22,"81 Elgar Lane, Room 1456",2024-04-25
776,45,634,2,2023-06-21,"284 Ludington Drive, Suite 75",2023-06-24
777,118,588,4,2022-08-13,"85388 Northland Place, Suite 2",2022-08-16
778,78,346,9,2023-08-10,"061 Commercial Way, Apt 670",2023-08-13
779,133,106,7,2024-05-11,"83053 Pankratz Place, Apt 1085",2024-05-14
780,12,635,6,2025-01-07,"75246 Brickson Park Trail, PO Box 19207",2025-01-10
781,25,520,3,2023-09-02,"5684 Dennis Terrace, 9th Floor",2023-09-05
782,1,636,8,2025-06-22,"368 Duke Terrace, 6th Floor",2025-06-25
783,34,637,9,2024-12-20,"3753 Badeau Place, 5th Floor",2024-12-23
784,46,638,2,2024-12-16,"69 1st Avenue, 7th Floor",2024-12-19
785,162,639,8,2023-03-21,"608 Delladonna Street, Room 1222",2023-03-24
786,75,566,10,2023-07-27,"41 Troy Center, PO Box 35783",2023-07-30
787,146,640,8,2024-02-11,"014 Thackeray Parkway, 18th Floor",2024-02-14
788,178,272,4,2023-01-26,"82020 Lakewood Pass, 19th Floor",2023-01-29
789,200,641,7,2024-08-25,"7894 Main Street, Room 1214",2024-08-28
790,9,642,2,2022-10-19,"26 Vera Trail, Apt 1360",2022-10-22
791,12,643,5,2023-03-28,"2229 Dennis Junction, Suite 79",2023-03-31
792,200,644,5,2023-05-24,"8 Straubel Hill, Room 988",2023-05-27
793,140,645,4,2024-04-29,"0219 Southridge Plaza, Apt 610",2024-05-02
794,155,419,2,2024-03-17,"1 2nd Center, Apt 1934",2024-03-20
795,35,646,4,2024-09-21,"493 Stoughton Junction, Suite 24",2024-09-24
796,180,418,2,2024-04-09,"352 Nova Drive, PO Box 15624",2024-04-12
797,117,647,10,2022-12-15,"00 Sugar Lane, 19th Floor",2022-12-18
798,135,556,10,2023-12-28,"2 Stephen Plaza, Suite 55",2023-12-31
799,10,595,9,2023-09-10,"644 Lake View Circle, 15th Floor",2023-09-13
800,174,543,1,2024-12-04,"10416 Crest Line Center, Apt 218",2024-12-07
801,37,648,9,2025-02-15,"70 Sommers Court, Suite 4",2025-02-18
802,94,595,3,2022-11-02,"53 Hagan Avenue, 10th Floor",2022-11-05
803,176,649,2,2024-06-24,"50160 Autumn Leaf Hill, 1st Floor",2024-06-27
804,159,650,1,2023-11-03,"76 Elmside Road, Room 1704",2023-11-06
805,72,651,9,2023-01-21,"6267 Granby Park, PO Box 34011",2023-01-24
806,58,652,6,2024-02-24,"49 Ilene Place, Apt 1312",2024-02-27
807,95,653,3,2023-04-15,"0 Meadow Valley Point, 20th Floor",2023-04-18
808,56,654,6,2024-10-13,"06549 Truax Center, Apt 452",2024-10-16
809,85,655,5,2025-02-19,"8310 Corry Trail, Suite 82",2025-02-22
810,29,656,9,2023-08-06,"9099 Westport Place, Apt 1007",2023-08-09
811,32,200,4,2024-08-02,"48753 Crownhardt Hill, Suite 68",2024-08-05
812,60,657,4,2024-01-30,"45602 Lawn Drive, PO Box 56812",2024-02-02
813,86,658,6,2023-07-31,"87 Commercial Alley, Room 1602",2023-08-03
814,114,327,3,2025-09-10,"068 Michigan Way, Suite 49",2025-09-13
815,116,659,7,2023-04-27,"2150 Del Mar Alley, Room 604",2023-04-30
816,41,660,10,2023-02-21,"73170 Mariners Cove Park, PO Box 92948",2023-02-24
817,138,661,9,2025-02-24,"177 Montana Pass, 11th Floor",2025-02-27
818,143,100,3,2022-12-17,"2572 Carpenter Alley, Room 1465",2022-12-20
819,152,662,4,2025-01-17,"35 Brickson Park Drive, Apt 1675",2025-01-20
820,187,293,3,2023-11-08,"986 Bluejay Center, 14th Floor",2023-11-11
821,190,663,4,2022-12-28,"95 Sundown Terrace, Apt 1660",2022-12-31
822,68,664,4,2023-11-10,"2 Dahle Hill, 11th Floor",2023-11-13
823,156,641,3,2023-12-29,"88767 Westport Drive, Room 798",2024-01-01
824,164,68,3,2024-08-20,"811 Summit Parkway, PO Box 53187",2024-08-23
825,119,665,6,2023-04-12,"3 Hovde Lane, PO Box 30359",2023-04-15
826,99,666,6,2023-04-10,"714 Waubesa Parkway, Apt 1608",2023-04-13
827,178,667,1,2025-01-10,"387 Porter Junction, PO Box 69783",2025-01-13
828,158,668,6,2023-11-28,"50449 Messerschmidt Park, Room 1789",2023-12-01
829,158,669,7,2024-08-21,"05 Maple Wood Terrace, PO Box 79589",2024-08-24
830,181,670,10,2022-12-29,"01 Browning Alley, Suite 54",2023-01-01
831,158,581,7,2024-06-04,"87 Summerview Terrace, Apt 167",2024-06-07
832,37,254,2,2024-07-29,"12271 Oakridge Avenue, 3rd Floor",2024-08-01
833,176,604,1,2023-06-25,"37916 Lien Pass, Apt 1763",2023-06-28
834,111,671,1,2024-03-29,"4166 Kinsman Lane, 8th Floor",2024-04-01
835,136,672,6,2023-08-23,"189 Cambridge Hill, Suite 8",2023-08-26
836,173,182,1,2024-10-19,"36787 Transport Street, 14th Floor",2024-10-22
837,42,569,9,2024-11-19,"2251 Hoffman Point, Room 1980",2024-11-22
838,125,443,8,2024-05-08,"762 Cardinal Road, PO Box 88194",2024-05-11
839,199,673,1,2024-05-26,"86144 Barby Road, 8th Floor",2024-05-29
840,70,674,6,2025-08-14,"0 Sloan Street, Room 1458",2025-08-17
841,177,261,9,2025-03-17,"9667 Charing Cross Circle, 1st Floor",2025-03-20
842,24,112,8,2025-08-16,"7441 Hoard Plaza, Room 1096",2025-08-19
843,101,610,5,2022-09-20,"6 Corscot Way, 9th Floor",2022-09-23
844,168,600,4,2023-11-28,"4289 Claremont Lane, Apt 1743",2023-12-01
845,13,675,9,2025-03-22,"603 8th Pass, 5th Floor",2025-03-25
846,102,676,4,2024-08-03,"5 Corscot Junction, Room 196",2024-08-06
847,110,677,8,2023-09-11,"5996 Bayside Hill, Apt 288",2023-09-14
848,71,678,10,2024-08-27,"70 Weeping Birch Plaza, Suite 97",2024-08-30
849,126,679,8,2023-11-23,"67106 Del Mar Avenue, Apt 64",2023-11-26
850,50,434,8,2025-03-06,"7605 Waywood Trail, Suite 32",2025-03-09
851,30,680,1,2025-02-15,"15 Daystar Way, PO Box 57563",2025-02-18
852,140,681,1,2024-04-18,"7 Holy Cross Point, Suite 70",2024-04-21
853,45,682,7,2022-10-11,"16780 Hoepker Terrace, 4th Floor",2022-10-14
854,4,683,4,2023-08-04,"6 Birchwood Court, Suite 21",2023-08-07
855,18,573,1,2025-07-01,"7900 Arrowood Plaza, Room 258",2025-07-04
856,194,219,9,2024-06-01,"61 Kedzie Avenue, PO Box 86481",2024-06-04
857,136,684,8,2024-01-22,"31 Huxley Avenue, Room 418",2024-01-25
858,52,408,6,2024-02-08,"6919 Steensland Way, Room 228",2024-02-11
859,4,685,8,2025-01-29,"2 Messerschmidt Junction, Room 340",2025-02-01
860,145,686,8,2024-02-15,"68278 Utah Street, Suite 45",2024-02-18
861,53,687,4,2025-05-28,"904 International Park, PO Box 58763",2025-05-31
862,174,688,6,2025-07-29,"71516 Moose Pass, Suite 78",2025-08-01
863,28,689,8,2023-12-02,"559 Cottonwood Center, PO Box 68813",2023-12-05
864,72,690,8,2023-04-18,"04 Dapin Circle, Apt 767",2023-04-21
865,141,191,2,2022-08-27,"90 7th Park, 6th Floor",2022-08-30
866,83,691,8,2022-12-27,"62518 Farwell Plaza, PO Box 72738",2022-12-30
867,160,49,5,2024-02-08,"7 Bartelt Point, Room 154",2024-02-11
868,36,692,1,2024-11-01,"57409 Hoard Plaza, Suite 21",2024-11-04
869,27,649,8,2025-01-22,"72 Lighthouse Bay Circle, Apt 1300",2025-01-25
870,10,693,3,2025-01-26,"923 6th Circle, 10th Floor",2025-01-29
871,163,694,7,2022-08-01,"755 Cherokee Point, 1st Floor",2022-08-04
872,49,695,7,2022-12-08,"3 Division Terrace, Suite 49",2022-12-11
873,114,696,10,2024-11-02,"6 Eggendart Place, Suite 95",2024-11-05
874,165,697,2,2022-11-26,"8828 Waubesa Parkway, Suite 17",2022-11-29
875,84,698,4,2022-08-30,"6 Aberg Lane, Room 1143",2022-09-02
876,120,699,7,2023-07-25,"6584 6th Pass, PO Box 65594",2023-07-28
877,64,583,3,2024-10-15,"9 Sherman Hill, Suite 7",2024-10-18
878,139,103,8,2022-08-28,"22994 Calypso Drive, PO Box 83817",2022-08-31
879,192,700,2,2025-04-17,"7149 Washington Hill, 3rd Floor",2025-04-20
880,97,197,5,2023-12-14,"05 Leroy Junction, Room 1648",2023-12-17
881,188,191,9,2023-02-12,"9659 Grim Road, Suite 98",2023-02-15
882,65,701,2,2022-12-11,"16 Duke Circle, Room 579",2022-12-14
883,113,702,2,2023-03-27,"649 Mcbride Lane, 12th Floor",2023-03-30
884,91,582,7,2024-04-23,"547 Mitchell Lane, Suite 20",2024-04-26
885,26,703,1,2025-03-20,"174 Gulseth Crossing, 5th Floor",2025-03-23
886,49,704,3,2023-11-22,"30077 Hoffman Lane, Apt 371",2023-11-25
887,187,705,5,2024-07-13,"5560 Cambridge Road, Apt 867",2024-07-16
888,87,706,3,2025-01-16,"6 Hayes Crossing, Suite 76",2025-01-19
889,41,707,10,2024-08-19,"1 Mallard Plaza, PO Box 44304",2024-08-22
890,44,708,2,2023-09-03,"02 6th Terrace, Room 1681",2023-09-06
891,60,226,4,2022-11-12,"2581 Farwell Drive, Room 1322",2022-11-15
892,25,391,2,2024-08-22,"29 Atwood Hill, Suite 86",2024-08-25
893,165,709,6,2023-07-22,"9937 Maple Street, Apt 1577",2023-07-25
894,199,710,7,2022-11-24,"39314 Carberry Circle, 11th Floor",2022-11-27
895,67,711,5,2025-04-13,"79 Northwestern Way, Suite 79",2025-04-16
896,107,701,3,2024-08-24,"52888 Eggendart Terrace, Apt 1311",2024-08-27
897,95,712,6,2023-03-30,"41089 Alpine Pass, Apt 1642",2023-04-02
898,114,444,5,2023-05-09,"68047 Ryan Court, Room 242",2023-05-12
899,37,257,1,2022-08-27,"7 Cody Street, 4th Floor",2022-08-30
900,126,557,4,2023-09-19,"32 Ridgeway Junction, Suite 7",2023-09-22
901,96,713,9,2023-05-22,"1 Express Way, PO Box 4248",2023-05-25
902,145,19,8,2023-02-26,"5 Bowman Terrace, Room 1803",2023-03-01
903,48,714,3,2023-10-24,"92487 Anthes Plaza, PO Box 89515",2023-10-27
904,114,715,4,2025-03-14,"73615 Orin Alley, Apt 549",2025-03-17
905,105,716,7,2025-04-16,"29 Monterey Terrace, Suite 74",2025-04-19
906,72,717,5,2022-08-23,"2798 Ohio Court, PO Box 71185",2022-08-26
907,100,186,10,2023-01-29,"010 Vidon Parkway, Room 359",2023-02-01
908,60,718,2,2024-06-04,"58333 Walton Pass, Apt 667",2024-06-07
909,67,719,7,2022-11-02,"80 Waubesa Alley, Suite 38",2022-11-05
910,170,720,9,2024-06-22,"20577 Summit Pass, PO Box 61174",2024-06-25
911,136,721,1,2025-06-13,"40 Forster Avenue, 18th Floor",2025-06-16
912,194,722,7,2022-09-02,"50 Bunting Circle, Room 1571",2022-09-05
913,186,723,5,2025-01-25,"18841 Maywood Drive, Apt 2000",2025-01-28
914,39,386,3,2025-05-18,"1 Ryan Street, Suite 22",2025-05-21
915,159,306,5,2023-09-11,"19605 Northridge Crossing, Room 1078",2023-09-14
916,12,568,2,2024-11-02,"898 Weeping Birch Parkway, 3rd Floor",2024-11-05
917,126,135,2,2023-12-04,"27854 Norway Maple Street, 1st Floor",2023-12-07
918,28,246,5,2025-03-26,"08 Ludington Plaza, 2nd Floor",2025-03-29
919,130,256,8,2024-07-09,"16 Messerschmidt Lane, PO Box 77833",2024-07-12
920,56,724,6,2022-10-30,"676 Northwestern Hill, Suite 94",2022-11-02
921,130,725,8,2025-01-03,"94 Milwaukee Park, 4th Floor",2025-01-06
922,192,726,3,2023-06-14,"702 Basil Park, Suite 41",2023-06-17
923,105,727,9,2024-08-13,"5 Victoria Alley, 5th Floor",2024-08-16
924,37,4,6,2023-03-25,"76960 Sundown Parkway, Apt 635",2023-03-28
925,198,728,8,2023-01-26,"90258 Hallows Hill, Room 463",2023-01-29
926,132,729,4,2023-04-13,"3906 International Hill, Room 993",2023-04-16
927,59,730,2,2024-08-15,"8 Novick Place, 14th Floor",2024-08-18
928,56,731,6,2025-09-05,"4 Del Mar Lane, Room 300",2025-09-08
929,147,732,10,2025-07-24,"48 Gerald Terrace, PO Box 78934",2025-07-27
930,76,733,3,2022-11-09,"9 Mayer Point, Room 1288",2022-11-12
931,91,714,3,2025-09-01,"6 Pankratz Terrace, Suite 6",2025-09-04
932,15,319,5,2023-06-25,"81485 Declaration Terrace, 6th Floor",2023-06-28
933,199,734,5,2024-12-09,"04 Roxbury Terrace, Room 1287",2024-12-12
934,43,735,1,2024-10-26,"44475 Ryan Crossing, Room 713",2024-10-29
935,194,256,6,2022-09-10,"66149 Stoughton Drive, Room 777",2022-09-13
936,59,736,9,2023-04-21,"45235 Esker Junction, 18th Floor",2023-04-24
937,185,121,5,2024-09-25,"7788 Holy Cross Road, PO Box 12029",2024-09-28
938,153,737,8,2024-04-07,"908 Meadow Ridge Trail, Room 1177",2024-04-10
939,147,398,3,2025-05-25,"9 Burning Wood Way, Apt 143",2025-05-28
940,14,738,5,2023-07-28,"18425 Reindahl Street, 6th Floor",2023-07-31
941,99,468,3,2024-01-24,"79 Logan Road, Room 1447",2024-01-27
942,182,352,7,2023-03-10,"0 Esker Point, Room 1374",2023-03-13
943,172,205,3,2023-07-02,"7145 Hovde Avenue, Apt 1233",2023-07-05
944,9,8,7,2022-08-03,"6605 Petterle Terrace, Apt 527",2022-08-06
945,127,739,10,2025-03-11,"536 Emmet Alley, 12th Floor",2025-03-14
946,54,740,9,2024-10-01,"1 Norway Maple Alley, Room 1958",2024-10-04
947,166,562,5,2024-02-17,"3609 Ridgeview Lane, PO Box 2147",2024-02-20
948,146,246,4,2022-09-09,"4402 Hanson Alley, Apt 343",2022-09-12
949,81,279,1,2024-11-30,"055 Northport Circle, Room 8",2024-12-03
950,8,741,8,2023-03-19,"36448 Clarendon Hill, 5th Floor",2023-03-22
951,182,742,7,2023-09-11,"45986 High Crossing Court, Room 719",2023-09-14
952,106,743,8,2025-04-05,"21 Lighthouse Bay Crossing, Suite 91",2025-04-08
953,2,744,10,2025-06-26,"1 Longview Point, Room 112",2025-06-29
954,87,514,8,2023-11-20,"1093 Katie Trail, 12th Floor",2023-11-23
955,41,745,5,2025-08-05,"46642 Rowland Circle, Suite 59",2025-08-08
956,186,746,4,2025-02-17,"6 Burning Wood Circle, Apt 960",2025-02-20
957,24,251,5,2024-04-04,"2820 Hoepker Road, Apt 1546",2024-04-07
958,62,434,6,2024-07-28,"653 Merry Terrace, PO Box 79199",2024-07-31
959,103,747,5,2024-11-02,"146 Jay Avenue, 12th Floor",2024-11-05
960,172,748,1,2023-04-06,"20190 Delladonna Way, 4th Floor",2023-04-09
961,178,416,4,2025-03-15,"80 Village Street, Apt 1066",2025-03-18
962,16,609,6,2025-06-03,"09816 Lighthouse Bay Hill, 3rd Floor",2025-06-06
963,80,749,3,2023-08-09,"9 Express Lane, 5th Floor",2023-08-12
964,80,750,8,2023-04-10,"59 High Crossing Way, Apt 292",2023-04-13
965,55,751,9,2023-04-18,"5867 Dunning Road, 8th Floor",2023-04-21
966,19,149,4,2024-06-29,"05068 Sugar Pass, Suite 70",2024-07-02
967,157,752,5,2022-11-13,"6083 Darwin Junction, Apt 1857",2022-11-16
968,71,753,7,2023-01-12,"37297 Warrior Point, Suite 81",2023-01-15
969,133,50,9,2025-02-06,"968 Del Mar Lane, Suite 42",2025-02-09
970,136,754,4,2024-03-29,"9 Commercial Plaza, Room 694",2024-04-01
971,95,581,2,2025-06-22,"94 Texas Trail, Suite 52",2025-06-25
972,55,755,1,2024-05-19,"65752 Pine View Alley, Suite 87",2024-05-22
973,187,756,8,2025-03-24,"25089 Bunker Hill Drive, Room 1396",2025-03-27
974,53,256,6,2024-05-14,"70586 Ridge Oak Hill, PO Box 82550",2024-05-17
975,135,720,1,2025-07-24,"4197 Welch Way, Apt 1188",2025-07-27
976,90,298,3,2023-08-13,"477 Cordelia Road, PO Box 51765",2023-08-16
977,37,757,9,2025-08-13,"99 Hudson Drive, Apt 1191",2025-08-16
978,47,758,6,2024-10-15,"800 Memorial Alley, Apt 31",2024-10-18
979,35,759,7,2022-12-21,"865 Lotheville Pass, Apt 1876",2022-12-24
980,56,760,2,2023-10-30,"40 Chive Center, Suite 26",2023-11-02
981,115,761,10,2023-01-17,"6675 Amoth Point, Apt 58",2023-01-20
982,185,762,4,2023-11-13,"7 Basil Alley, Apt 1319",2023-11-16
983,55,763,7,2024-09-27,"29 Magdeline Crossing, Room 765",2024-09-30
984,95,764,3,2024-05-09,"46425 6th Parkway, Apt 1974",2024-05-12
985,88,765,3,2023-07-13,"88511 Towne Hill, 14th Floor",2023-07-16
986,147,766,6,2024-06-18,"127 Arrowood Plaza, PO Box 33280",2024-06-21
987,45,767,10,2023-10-05,"34383 Sunfield Pass, Suite 7",2023-10-08
988,106,768,1,2022-10-18,"74 Hazelcrest Park, PO Box 52488",2022-10-21
989,109,769,4,2024-12-08,"95 Laurel Street, Apt 1990",2024-12-11
990,107,770,5,2023-01-07,"0 Jay Court, Apt 1673",2023-01-10
991,77,771,9,2022-08-29,"740 Becker Hill, PO Box 81587",2022-09-01
992,20,772,10,2022-11-29,"01309 Melby Terrace, 7th Floor",2022-12-02
993,160,773,5,2025-02-28,"0891 Menomonie Crossing, PO Box 78028",2025-03-03
994,109,774,6,2023-08-07,"42594 Annamark Junction, Suite 76",2023-08-10
995,123,380,9,2024-02-28,"5 Village Lane, PO Box 63923",2024-03-02
996,102,775,1,2022-12-24,"7 Sage Hill, PO Box 812",2022-12-27
997,31,776,3,2025-06-02,"78 Jackson Street, Apt 876",2025-06-05
998,79,777,5,2024-09-21,"53 Victoria Center, PO Box 2491",2024-09-24
999,13,778,5,2023-07-30,"23212 Saint Paul Alley, PO Box 30158",2023-08-02
1000,67,516,8,2025-03-06,"8 Rigney Trail, Apt 582",2025-03-09
